10,5 (Dziesięć i pół);500;4.7
1795 Original Czech Lager Budejovické Pivo;500;4.7
Affligem Blonde;500;6.8
Akademickie Łódzkie Klasyczne;500;5.0
AleBrowar & Nøgne Ø Deep Love;500;6.5
AleBrowar Amber Boy;500;5.0
AleBrowar Be Like Mitch;500;4.4
AleBrowar Black Hope;500;6.2
AleBrowar Brown Foot;500;6.2
AleBrowar Crazy Mike;500;9.0
AleBrowar Golden Monk;500;7.2
AleBrowar Hard Bride;500;9.8
AleBrowar Hop Sasa;500;5.0
AleBrowar Hula Hop;500;5.2
AleBrowar King of Hop;500;5.0
AleBrowar Lady Blanche;500;4.7
AleBrowar Ortodox Stout;500;5.6
AleBrowar Rowing Jack;500;6.2
AleBrowar Smoky Joe;500;6.2
AleBrowar Sweet Cow;500;5.0
Alter Beer Koźle Bydlę Pszeniczne;500;7.0
Alter Beer Polski Chmiel;500;5.0
Alter Beer Rubi Lager;500;6.5
Alter Beer Valkiria;500;4.3
Amber APA;500;5.2
Amber Chmielowy;500;5.0
Amber Czarny Bez;500;5.5
Amber Grand Imperial Porter Chili;500;8.0
Amber Grand Imperial Porter;500;8.0
Amber Harde;500;7.2
Amber Johannes;500;6.5
Amber Kopernik;500;5.6
Amber Koźlak;500;6.5
Amber Natur Niepasteryzowany;500;6.0
Amber Naturalny;500;5.7
Amber Pils;500;5.0
Amber Po Godzinach AIPA;500;5.8
Amber Po Godzinach Cherry Milk Stout;500;4.7
Amber Po Godzinach IPL;500;4.8
Amber Po Godzinach Koźlak Pszeniczny;500;6.2
Amber Po Godzinach Saison na Madagaskar;500;5.1
Amber Pszeniczniak;500;5.2
Amber Remus;500;6.0
Amber Złote Lwy;500;5.6
Amber Żywe;500;6.2
Amstel Beer;500;5.0
Argus El Bravos;500;6.0
Argus Gold Unpasteurized;500;6.0
Argus Gold;500;5.7
Argus Koźlak Rubinowy;500;6.5
Argus Łowczy Chmielowy Kwartet;500;9.0
Argus Łowczy Słodowy Tercet;500;8.0
Argus Maestic;500;4.8
Argus Miodowy;500;5.7
Argus Naturalnie Mętny;500;5.7
Argus Niepasteryzowane;500;5.7
Argus Porter Czarny;500;7.9
Argus Porter Wielosłodowy;500;8.0
Argus Premium Lager;500;5.0
Argus Premium;500;5.0
Argus Radler (dawniej Argus Lemonade);500;2.6
Argus Rubi;500;5.0
Argus Strong;500;7.2
Artezan Czarna Wołga;500;5.5
Artezan Mera IPA;500;6.5
Artezan Pacific Pale Ale;500;5.0
Asahi Super Dry;500;5.0
Augustiner Lagerbier Hell;500;5.2
Baltika 7 Eksportowe;500;5.4
Barbakan Jasne;500;5.9
Bavaria 0,0% Wit;500;0.0
Bavaria Holland Premium Beer;500;5.0
Bavaria Premium Original Non Alcoholic;500;0.0
Beck’s Gold;500;4.9
Beck’s;500;5.0
Beczkowe Mocne;500;6.2
Belhaven Black ;500;4.2
Belhaven Twisted Thistle IPA;500;5.3
Benediktiner Weissbier;500;5.4
Bergquell Erdbeer Porter;500;4.2
Bergquell Kirsch Porter;500;4.2
Berliner Kindl Pils;500;4.8
Bernard Bohemian Ale 16°;500;8.2
Bernard Černý Ležák 12°;500;5.1
Bernard Světlé Pivo 10°;500;3.8
Bernard Světlý Ležák 12°;500;4.7
Bernardyńskie mocne, pszeniczne, dymione;500;6.5
Biały Kot;500;5.5
Biały Niedźwiedź;500;4.8
Birbant 10 Hops;500;5.7
Birbant Citra IPA;500;5.9
Birbant Hopsbant Fresh  IPA;500;6.7
Birbant Imperial Citra IPA;500;7.9
Birbant Red AIPA;500;6.7
Birbant White AIPA;500;6.5
Birra Moretti Ricetta Originale;500;4.6
Bitburger Premium Pils;500;4.8
Black Boss;500;8.5
Bojan Black IPA;500;6.0
Bojan Czarny;500;6.0
Bojan Kokosowe;500;5.0
Bojan Maorys;500;5.5
Bojan Muscovado;500;4.5
Bojan Somero;500;4.0
Bojan Strażackie;500;5.0
Bojan Szwejk 10°;500;4.2
Bojan Toporek;500;6.0
Bojan Wielkopolskie;500;5.0
Bosman Full;500;5.7
Bosman Specjal;500;6.2
Brackie Grand Champion Birofilia 2013 Imperial IPA;500;8.5
Brackie Mastne;500;5.8
Brackie Pils;500;5.2
Brackie;500;5.5
Braniewo Chmielone Na Zimno;500;5.4
Braniewo Jasne Pełne;500;5.8
Braník Světlý;500;4.1
BrewDog Punk IPA;500;5.6
Brewer Mocne;500;6.2
Brodacz Duży Volt;500;9.0
Brok Export;500;6.0
Brok IPA;500;6.0
Brok Sambor;500;6.0
BROKREACJA The Alchemist;500;6.4
BROKREACJA The Butcher;500;7.0
Brokreacja The Farmer ;500;5.0
BroKreacja The Lumberjack;500;6.7
Budweiser Budvar Bud B:Strong;500;7.5
Budweiser Budvar Classic;500;4.0
Budweiser Budvar Dark;500;4.7
Budweiser Budvar Original;500;5.0
Butautu Dvaro Alus Šviesus;500;5.2
Butautu Dvaro Tamsus Alus;500;5.5
Captain Jack;500;6.0
Carlsberg Citrus;500;2.8
Carlsberg Export;500;5.0
Carlsberg NOX;500;6.0
Carlsberg;500;5.0
Castello La Decisa (Premium Lager);500;4.8
Cechowe Brown Ale;500;5.2
Cechowe IPA;500;6.0
Cechowe Pszeniczne;500;5.7
Cechowe Stout;500;6.5
Černá Hora Borůvka;500;4.4
Černá Hora Pater 11°;500;4.4
Chamowniki Pilzneńskie;500;4.8
Chang Beer 5,0%;500;5.0
Chimay Bleue;500;9.0
Chojrak Piwo Mocne;500;7.0
Ciechan AIPA;500;5.4
Ciechan Grand Prix American India Pale Ale;500;5.4
Ciechan Lagerowe;500;6.0
Ciechan Maciejowe;500;3.2
Ciechan Marcowe;500;6.2
Ciechan Miodowe;500;6.2
Ciechan Mocne;500;7.0
Ciechan Porter 18,1;500;9.0
Ciechan Porter 22;500;9.0
Ciechan Pszeniczne;500;4.8
Ciechan Słodowe;500;6.5
Ciechan Wyborne;500;6.0
Ciemne Okocimskie;500;5.3
Cieszyński Lager;500;5.0
Cieszyński Porter;500;9.8
Cieszyński Stout;500;6.2
Cieszyńskie Double IPA;500;8.0
Cieszyńskie Mastne;500;5.8
Cieszyńskie Pszeniczne;500;5.4
Cieszyńskie Red Roeselare Ale (Grand Champion 2015);500;7.5
Cieszyńskie West Coast IPA;500;5.8
Colberg Black;500;6.0
Cooler Lemon Beer;500;4.0
Cornelius American Lager;500;5.0
Cornelius American Wheat;500;5.0
Cornelius APA;500;5.0
Cornelius Baltic Porter;500;8.1
Cornelius Banan;500;3.0
Cornelius Dunkel;500;5.9
Cornelius Grejpfrut;500;3.0
Cornelius Hazy Cytrus (dawniej Cytryna);500;3.0
Cornelius IPA;500;6.5
Cornelius Koźlak;500;6.5
Cornelius Miodowy;500;5.0
Cornelius Pszeniczne Ciemne;500;5.0
Cornelius Pszeniczny;500;5.0
Cornelius Triple Blond;500;8.0
Cornelius Tropic;500;3.0
Corona Extra;500;4.5
Cortes Tequila;500;6.0
Czarnków Noteckie Ciemne;500;5.6
Czarny Kot;500;6.0
Czernihowskie Białe Niefiltrowane;500;5.0
DAB Export;500;5.0
DAB Original;500;5.0
Delirium Tremens;500;8.5
Desperados Mojito;500;6.0
Desperados Nocturno;500;6.0
Desperados Red;500;6.0
Desperados;500;6.0
Dębowe Dojrzałe Mocne;500;7.0
Dobry Pasterz;500;6.0
Doctor Brew American IPA;500;6.2
Doctor Brew American Witbier;500;4.8
Doctor Brew Azacca Single Hop IPA;500;6.2
Doctor Brew Cascade IPA;500;5.6
Doctor Brew Centennial IPA;500;6.2
Doctor Brew Citra Session IPA;500;4.7
Doctor Brew Double IPA;500;8.0
Doctor Brew Experimental Vermont IPA;500;5.8
Doctor Brew Hoppy Queen;500;5.2
Doctor Brew Kinky Ale;500;6.2
Doctor Brew Molly IPA;500;7.1
Doctor Brew Mosaic IPA;500;6.2
Doctor Brew Perfect Lager;500;4.6
Doctor Brew Simcoe Session IPA;500;4.7
Doctor Brew Stopro!;500;5.0
Doctor Brew Summer Ale;500;4.2
Doctor Brew Sunny Ale;500;5.2
Donagger Strong;500;6.0
Donner Super Mocne;500;9.0
Dubbel Cieszyński Grand Champion Birofilia 2014;500;8.5
Duvel;500;8.5
Dziki Sad Jabłko;500;4.5
Dziki Sad Śliwka;500;4.5
EB Premium (eksport);500;5.4
EB Premium (nowe) 2015;500;5.2
Efes Pilsen;500;5.0
Erdinger Dunkel;500;5.6
Erdinger Weißbier;500;5.3
Estrella Damm (4.6%);500;4.6
Faktoria Peacemaker;500;6.5
Faktoria Winchester IIPA;500;8.4
Fasberg Jasne Pełne;500;5.7
Fasberg Miodowe ;500;5.7
Fasberg o Smaku Tequili ;500;6.0
Faxe 10% Extra Strong;500;10.0
Faxe Original;500;6.0
Faxe Premium;500;5.0
Fischer Tradition;500;6.0
Flensburger Pilsener;500;4.8
Fortuna & Boon Wild Sour Pigwa;500;5.3
Fortuna Czarne Miodowe;500;5.5
Fortuna Czarne Whisky Wood;500;7.5
Fortuna Czarne;500;6.2
Fortuna Czarny Smok;500;6.2
Fortuna Czerwony Smok;500;6.2
Fortuna Imbir Stout;500;6.1
Fortuna Kwaśna Pigwa;500;5.6
Fortuna Miodowe Ciemne;500;5.6
Fortuna Mirabelka;500;5.1
Fortuna Rabarbar;500;5.1
Fortuna Śliwkowa;500;5.3
Fortuna Złoty Smok;500;6.2
Foster’s Lager;500;5.0
Fox Jasne;500;4.7
Fox Mocne;500;7.6
Franziskaner Hefe-Weissbier Dunkel;500;5.0
Franziskaner Hefe-Weissbier Naturtrüb;500;5.0
Franziskaner Hefe-Weissbier;500;5.0
Fuller’s Bengal Lancer;500;5.3
Fuller’s London Pride;500;4.7
Gambrinus Originál 10° (Desítka);500;4.3
Gambrinus Svetly;500;4.1
Gingers;500;4.1
Gloger Bosa Rosa;500;5.5
Gloger Gorzkie Żale;500;5.3
Gloger Krasna Jędza;500;5.0
Gloger Płocha Gocha;500;5.2
Gloger Wesołe Ziele;500;5.5
Głubczyce V.I.P Original Piwo Jasne;500;4.8
Gontyniec Gniewosz Korzenne;500;5.6
Gontyniec Gniewosz Na Miodzie Akacjowym;500;5.6
Gontyniec Gniewosz Piwo Ciemne;500;6.0
Gontyniec Gniewosz Piwo Jasne;500;5.6
Gontyniec Gniewosz Piwo Koźlak;500;6.0
Goolman Premium;500;5.0
Gösser Märzen;500;5.2
Gościszewo 55 Pils Single Hop: Hallertau Mandarina Bavaria;500;4.5
Gościszewo Darz Bór;500;6.0
Gościszewo Drwal;500;4.5
Gościszewo Gwiazdor;500;6.2
Gościszewo Komtur;500;6.5
Gościszewo Naturalne;500;5.5
Gościszewo Rybak;500;5.7
Gościszewo Rycerz Piwo Jasne Pełne;500;5.7
Gościszewo Sołtys;500;5.2
Gościszewo Surfer Piwo Pszeniczne;500;4.8
Gościszewo Szeryf;500;5.2
Greene King Abbot Ale;500;5.0
Greene King East Coast IPA;500;4.0
Grimbergen Blonde;500;6.7
Grimbergen Cuvée Blanche;500;6.0
Grodzisk & Szałpiw Vermont IPA;500;6.0
Grodziska APA;500;5.2
Grodziska White IPA;500;6.0
Grodzkie Niefiltrowane;500;5.2
Grolsch;500;5.0
Grybów Pilsweiser Exclusive;500;5.7
Grybów Pilsweizer Szwejkowe;500;6.8
Guinness Draught;500;4.2
Guinness Foreign Extra Stout;500;7.5
Guinness Original;500;5.0
Gulden Draak;500;10.5
GURU Arts IBA;500;8.0
Halne Mega Mocne;500;10.0
Harnaś Grzaniec;500;6.0
Harnaś Jasne Pełne;500;6.0
Harnaś Mocne 14.1°;500;7.0
Harnaś Okocimski;500;6.0
Harnaś Wysokochmielowy ;500;5.8
HedgeHog American India Pale Ale;500;5.8
Heineken 0.0;500;0.0
Heineken;500;5.0
Hermann Muller;500;4.0
Hoegaarden;500;4.9
Holba Premium 12°;500;5.2
Holba Robotnicze 1910;500;5.2
Holba;500;5.2
Hollandia;500;4.2
Holsten Premium;500;5.0
Inne Beczki Cookie Monster;500;7.8
Inne Beczki Jungle IPA;500;6.0
Inne Beczki Zissou APA;500;5.0
Irlandzkie Mocne;500;6.0
Itaipava Pilsen;500;4.5
Jabłonowo Miodowe Mocne;500;7.2
Jabłonowo Mocne Eksportowe ;500;7.2
Jagiełło Chmielak;500;4.6
Jagiełło Lager;500;4.8
Jagiełło Magnus Czekoladowy;500;6.0
Jagiełło Magnus Śliwkowy;500;6.0
Jagiełło Magnus Żurawinowy;500;6.0
Jagiełło Magnus;500;7.0
Jagiełło Nałęczowskie Piwo Ciemne;500;6.0
Jagiełło Premium Pils;500;5.1
Jako Baca Mocny;500;6.0
Jako Celtyckie Ciemne;500;6.0
Jako Celtyckie Miodowe;500;5.8
Jako Celtyckie Wiśniowe;500;5.8
Jako Luzak Jasne;500;5.0
Jako Mocne Polskie;500;7.0
Jako Złoty Łan Chmielowy;500;5.2
Jako Złoty Łan Piwo Niepasteryzowane;500;6.0
Jako Złoty Łan Piwo Pszeniczne;500;4.5
Jan Olbracht Córa Koryntu;500;7.0
Jan Olbracht Piernikowy Foch;500;5.6
Jan Olbracht Rzemieślniczy Korona Olbrachta;500;5.6
Jan Olbracht Rzemieślniczy Pomarańczarnia;500;5.6
Jan Olbracht Rzemieślniczy Powrót Króla;500;5.6
Jan Olbracht Rzemieślniczy Śmietanka;500;5.6
Jantar Niepasteryzowany;500;5.6
Jasne że Pełne ;500;5.0
Jever Pilsener;500;4.9
Jubileuszowe Tyski Lager;500;4.5
Jupiler;500;5.2
Jurajskie Amerykańska Pszenica;500;4.0
Jurajskie Pils;500;4.0
Jurajskie Pszeniczne Ciemne;500;5.6
Kaltenbacher Pils;500;4.9
Kaltenbacher Weizen;500;5.5
Kaper;500;8.7
Karlovačko Pivo;500;5.0
Karmi Classic;500;0.5
Karpackie Mocne;500;6.8
Karpackie Pils;500;4.0
Karpackie Super Mocne 9%;500;9.0
Kasztelan Jasne Pełne;500;5.7
Kasztelan Mocne;500;6.8
Kasztelan Niepasteryzowane Pszeniczne Klarowne;500;5.0
Kasztelan Niepasteryzowane Świeże;500;5.6
Kasztelan Niepasteryzowane;500;5.7
Kasztelan Sezonowe Chmielowe;500;5.0
Kasztelan Sezonowe Rześkie;500;5.0
Kasztelan Specjały Białe;500;5.4
Kasztelan Specjały Chmielowe;500;5.2
Kasztelan Specjały Niefiltrowane;500;5.5
Kelt 10%;500;4.2
Keniger 10.1°;500;4.8
Kilikia Beer;500;4.8
Kingfisher Premium Lager Beer;500;4.8
Kingpin Berserker;500;7.0
Kingpin Mandarin;500;7.3
Kingpin Phantom;500;6.5
Kingpin Rocknrolla;500;5.3
Kingpin Turbo Geezer;500;8.3
Kirin Ichiban;500;4.9
Komes Barley Wine;500;12.0
Komes Belgian IPA;500;8.0
Komes Poczwórny Bursztynowy;500;10.0
Komes Podwójny Ciemny;500;7.0
Komes Porter Bałtycki Płatki Dębowe;500;9.0
Komes Porter Bałtycki;500;9.0
Komes Porter Malinowy;500;8.5
Komes Potrójny Złoty;500;9.0
Komes Russian Impe­rial Stout;500;12.0
König Pilsener;500;4.9
Konrad Svetlý Ležák 11°;500;4.8
Konstancin Dawne;500;6.2
Konstancin IPA;500;6.2
Konstancin Pszeniczne;500;5.3
Konstancin Z Dębowej Beczki;500;5.3
Konstancin Żytnie;500;5.3
Kopyra & Widawa Shark;500;4.9
Koreb Herbowe;500;6.0
Koreb Łaskie Żywe;500;6.5
Koreb Łaskie;500;5.2
Koreb Miodowe;500;8.0
Kormoran 1 na 100 Lite APA;500;1.0
Kormoran Ciemny;500;3.9
Kormoran Imperium Prunum;500;11.0
Kormoran Irish Beer;500;6.5
Kormoran Jabłko w Piwie;500;4.5
Kormoran Jasny Niefiltrowany;500;4.9
Kormoran Jasny;500;4.9
Kormoran Kłos Wielozbożowy;500;4.8
Kormoran Krzepkie;500;7.4
Kormoran Marcowe 7,2%;500;7.2
Kormoran Olsztynskie 12.5°;500;5.2
Kormoran Orkiszowe z Czosnkiem;500;5.1
Kormoran Orkiszowe z Miodem;500;5.1
Kormoran Orkiszowe;500;5.1
Kormoran PLON Brązowy;500;6.2
Kormoran PLON Zielony;500;6.2
Kormoran Podpiwek Warmiński;500;0.5
Kormoran Porter Warmiński;500;9.0
Kormoran Rześkie Jasne Niepasteryzowane;500;5.6
Kormoran Szoko;500;5.8
Kormoran Śliwka w Piwie;500;4.4
Kormoran Świąteczne;500;6.1
Kormoran Świeże Niepasteryzowane;500;6.2
Kormoran Warmiak;500;6.5
Kormoran Warmińskie Rewolucje;500;5.2
Kormoran Warnijskie;500;5.1
Kormoran Wiśnia w Piwie;500;5.2
Korona Książęca;500;5.2
Köstritzer Schwarzbier;500;4.8
Kozel 11° Medium;500;4.6
Kozel Cerny;500;3.8
Kozel Lezak 11;500;4.6
Kozel Svetly 10°;500;4.0
Koźlak Bock Beer Classic;500;7.8
Kraftwerk Steam Time;500;6.4
Krajan Ale English Beer;500;6.0
Krajan Bydgoskie;500;5.5
Krajan Irlandzkie Ciemne;500;6.0
Krajan Irlandzkie Jasne;500;6.0
Krajan Irlandzkie Zielone;500;5.5
Krajan Kujawskie Bursztynowe;500;6.0
Krajan Kujawskie;500;6.0
Krajan Nelson India Pale Ale;500;6.0
Krajan Niefiltrowane;500;6.0
Krakonoš Světlý Ležák 12°;500;5.1
Krakowiak Miód-Malina;500;5.7
Krakus Mocne;500;7.0
Krombacher Dark;500;4.3
Krombacher Pils;500;4.8
Krombacher Weizen;500;5.3
Kronenbourg 1664 Blanc;500;5.0
Kronenbourg 1664;500;5.5
Królewskie Jasne Pełne;500;5.8
Królewskie Niefiltrowane;500;5.0
Królewskie Niepasteryzowane;500;5.5
Krušovice 10° Pořádná Desítka;500;4.2
Krušovice Černe;500;3.8
Krušovice Imperial 12°;500;5.0
Krynica Kult Weißbier;500;5.0
Książ Czarny Specjał;500;9.0
Książ Książęcy Specjał;500;5.0
Książęce Burgundowe Trzy Słody;500;5.6
Książęce Chlebowo Miodowe;500;5.5
Książęce Ciemne Łagodne;500;4.1
Książęce Czerwony Lager;500;4.9
Książęce Golden Ale;500;5.2
Książęce IPA;500;5.4
Książęce Jasne Ryżowe;500;4.5
Książęce Porter;500;8.0
Książęce Pszeniczne;500;5.1
Książęce Tyskie;500;5.7
Książęce Weizen;500;5.3
Książęce Złote Pszeniczne;500;4.9
Kujawiak 12°;500;5.5
Kupiškio Magaryčių Alus;500;5.8
Kustosz 100% Chmiel Lubelski;500;5.5
Kustosz 100% Chmiel Sybilla;500;5.5
Kustosz Białe;500;4.5
Kustosz Extra;500;4.5
Kustosz IPA;500;6.0
Kustosz Jabłko;500;4.5
Kustosz Jasne Pełne;500;5.5
Kustosz Jasne;500;6.0
Kustosz Mocne;500;7.2
Kustosz o Smaku Tequili;500;6.0
Kustosz Pszeniczne;500;5.2
Kwas Delta;500;3.0
Kwas Gamma;500;5.0
La Trappe Dubbel;500;7.0
Lach Staropolskie Mocne;500;6.8
Late Red;500;4.5
Lech Free Limonka z Miętą;500;0.0
Lech Free;500;0.5
Lech Ice Mojito;500;2.0
Lech Ice Shandy;500;2.0
Lech Lite;500;3.5
Lech Mocny;500;6.2
Lech Pils;500;5.5
Lech Premium;500;5.2
Lech Shandy Dry Orange;500;2.6
Lech Shandy;500;2.6
Leffe Blonde;500;6.6
Leffe Brune;500;6.5
Leffe Royale (Whitbread Golding);500;7.5
Leute Bokbier;500;7.5
Leżajsk Chmielowe Pils;500;5.0
Leżajsk Export;500;4.7
Leżajsk Niepasteryzowane;500;5.1
Leżajsk Pełne;500;5.5
Leżajsk Pszeniczne Klarowne;500;5.0
Leżajsk Pszeniczne;500;5.3
Leżajsk Rześki;500;4.7
Lindemans Kriek;500;3.5
Litovel Cerny Citron;500;4.0
Litovel Medový Speciál 14%;500;5.0
Litovel Premium 12°;500;5.0
Litovel Premium Dark;500;4.8
Lobkowicz Premium ;500;4.7
Löwenbräu Original;500;5.2
Lubuski Chmiel;500;5.2
Lubuskie Celtyckie;500;4.5
Lubuskie Czekoladowe;500;4.2
Lubuskie IPA;500;5.6
Lubuskie Jagodowe;500;4.2
Lubuskie Jasne;500;6.1
Lubuskie Miodowe Jasne;500;4.2
Lubuskie Witnicki Porter;500;8.5
Lubuskie Zielone;500;4.2
Lubuskie;500;6.1
Lubusz Piwo Jasne;500;4.2
Lwowskie 1715;500;4.0
Lwowskie Porter;500;8.0
Lwowskie Robert Doms Bohemski;500;4.5
Lwówek Belg;500;4.2
Lwówek Belg;500;5.7
Lwówek Jankes;500;4.2
Lwówek Książęcy;500;6.2
Lwówek Malinowe;500;4.2
Lwówek Porter 18°;500;8.5
Lwówek Ratuszowy (Piastowski);500;6.2
Lwówek Wiedeński;500;5.7
Łomża 0,0%;500;0.0
Łomża Export Miodowe ;500;5.7
Łomża Export Niefiltrowane;500;5.7
Łomża Export Niepasteryzowane;500;5.7
Łomża Export Pszeniczne;500;5.7
Łomża Export;500;5.7
Łomża Jasne Pełne;500;6.0
Łomża Jasne;500;5.7
Łomża Miodowe;500;5.7
Łomża Mocne;500;7.0
Łomża Niefiltrowane Naturalnie Mętne;500;5.7
Łomża Niepasteryzowane;500;6.0
Łomża Pełne Wyborowe;500;6.0
Łomża Podkapslowe;500;6.0
Łomża Radler Cytryna (dawniej Łomża Lemonowe);500;2.0
Łódzkie Mali;500;4.5
Maćkowe Piwo Miodowe;500;6.0
Magnus Królewski;500;6.0
Maisels Weisse Original;500;5.2
Manufaktura Piwna  Pilstolet ;500;5.6
Manufaktura Piwna Altbier;500;5.2
Manufaktura Piwna APA;500;6.0
Manufaktura Piwna Belfast;500;6.5
Manufaktura Piwna Cisza Nocna;500;6.3
Manufaktura Piwna Czar Goryczy;500;6.0
Manufaktura Piwna Don Wito;500;4.9
Manufaktura Piwna Dubel;500;7.9
Manufaktura Piwna Gryczane;500;5.2
Manufaktura Piwna Klasztorne;500;6.4
Manufaktura Piwna Manufakturowy Pils;500;5.6
Manufaktura Piwna Miodowe Love;500;5.3
Manufaktura Piwna Pivo;500;5.2
Manufaktura Piwna Piwo na Miodzie Gryczanym;500;5.2
Manufaktura Piwna Piwo na Miodzie Wielokwiatowym z Imbirem;500;5.0
Manufaktura Piwna Porter Podbity Śliwką;500;9.9
Manufaktura Piwna Sen APAcza;500;6.0
Manufaktura Piwna Szlager;500;5.6
Manufaktura Piwna Trzy Zboża;500;5.6
Marston’s EPA;500;3.6
Maternus Premium Pilsener;500;4.9
Miller Genuine Draft;500;4.7
Miłosław Bezalkoholowe IPA;500;0.5
Miłosław Blonde Ale;500;6.0
Miłosław Górnej Fermentacji;500;6.0
Miłosław Koźlak;500;7.5
Miłosław Marcowe;500;6.0
Miłosław Niefiltrowane;500;5.5
Miłosław Pilzner;500;5.4
Miłosław Pszeniczne;500;5.5
Miłosław Warzy Śmiało Dymione Brown Ale;500;5.6
Miłosław Warzy Śmiało Klonowy Milk Stout;500;6.6
Miłosław Warzy Śmiało Sosnowe APA;500;4.8
Miłosław Warzy Śmiało Żytnie Session IPA;500;4.7
Miłosław Witbier;500;4.8
Morland Hen’s Tooth;500;6.5
Morland Old Speckled Hen;500;5.2
Murphy’s Irish Stout;500;4.0
Mythos ;500;5.0
Na Jurze Ju-Rajska Pomarańcza;500;4.7
Na Jurze Jurajskie Bursztynowe;500;5.6
Na Jurze Jurajskie Jasne Pełne;500;4.9
Na Jurze Jurajskie Stout Czekoladowy;500;5.6
Na Jurze Jurajskie z Ostropestem;500;4.0
Na Jurze Kwas Pruski;500;3.7
Na Jurze Szatańska oBELGa;500;9.0
Namysłów  Niepasteryzowane;500;6.0
Namysłów Białe Pszeniczne;500;5.0
Namysłów Ciemne Typu Irlandzkiego;500;4.7
Namysłów Kozackie Jasne;500;4.2
Namysłów Kozackie Mocne;500;7.0
Namysłów Kuflowe Mocne;500;7.2
Namysłów Pils;500;6.0
Namysłów Zamkowe Export;500;5.7
Namysłów Zamkowe Niepasteryzowane;500;5.8
Namysłów Złoty Denar 4%;500;4.0
Namysłów Złoty Denar Chmielowy;500;5.6
Namysłów Złoty Denar Mocny;500;6.1
Nepomucen Labirytm;500;4.4
Nepomucen Road;500;5.9
Noteckie Jasne Pełne;500;5.6
Noteckie Jasne;500;5.6
Noteckie Niepasteryzowane;500;5.6
Noteckie Pils;500;4.2
Obołoń Aksamitne (Velvet);500;5.0
Obołoń Białe;500;5.0
Obołoń Magnat;500;5.3
Obołoń Premium;500;5.2
Obołoń Pszeniczne;500;5.3
Obołoń Soborne;500;4.7
Obołoń Świtłe;500;4.5
Odrzut z Eksportu;500;5.0
Oettinger Pils;500;4.7
O`Hara`s / Pinta Lublin to Dublin 2014;500;6.5
Okocim Jasne Okocimskie;500;5.2
Okocim Jasne Pełne;500;5.6
Okocim Klasyczna Pszenica;500;5.0
Okocim Mistrzowski Porter;500;8.9
Okocim Mocne;500;7.1
Okocim Niepasteryzowane Wybornie Świeże;500;5.5
Okocim O.K. Beer;500;5.6
Okocim Palone Ciemne Legerowe;500;5.3
Okocim Polskie ALE;500;5.1
Okocim Porter Mocno Dojrzałe;500;8.9
Okocim Porter;500;8.3
Okocim Premium Pils;500;5.6
Okocim Pszeniczne Naturalnie Mętne;500;5.0
Okocim Pszeniczne;500;5.0
Okocim Radler Cola z Limonką;500;2.0
Okocim Radler Grejpfrut z Limonką;500;2.0
Okocim Radler Truskawka z Kwiatem Lipy;500;2.0
Okocim Radler Z Limonką;500;2.0
Okocim Sezonowe Cztery Chmiele;500;5.5
Okocim Sezonowe Piwo Eksportowe;500;5.6
Okocim Świąteczne;500;7.0
Okocim Świętojańskie;500;5.0
Olimp Hades;500;10.0
Olimp Hera 2013;500;4.0
Olimp Panakeja;500;6.0
Opat Cannabis;500;4.8
Ožujsko Pivo;500;5.0
Palm Speciale Belge;500;5.4
Pardal Czech Imported Lager;500;4.5
Patronus Weissbier;500;5.5
Paulaner Hefe-Weißbier Dunkel;500;5.3
Paulaner Hefe-Weißbier Naturtrüb;500;5.5
Perlenbacher Premium Pils;500;4.9
Perła Chmielowa;500;6.0
Perła Czarna Extra Strong;500;8.0
Perła Export;500;5.6
Perła Koźlak;500;7.0
Perła Miodowa;500;6.0
Perła Mocna;500;7.6
Perła Niepasteryzowana;500;6.0
Perła Porter Bałtycki ;500;9.2
Perła Summer;500;5.0
Perła Winter;500;5.0
Perła Zwierzyniec Pils;500;5.0
Peroni Nastro Azzurro;500;5.1
Peroni;500;4.5
Perun Behemoth Bafomet;500;11.6
Perun Behemoth Profanum;500;5.6
Perun Behemoth Sacrum ;500;6.2
Perun Jasny Grom;500;5.6
Perun Kraina Welesa;500;8.2
Perun Noc Kupały;500;6.4
Perun Orzechowy Gaj;500;5.6
Perun Sabat Czarownic;500;5.8
Petrus Blond;500;6.6
Piast Chmielowe Ratuszowe;500;5.5
Piast Mocne;500;6.7
Piast Wrocławski (Jasne Pełne);500;5.5
Pierwsza Autorskie;500;6.8
Pilsner Urquell;500;4.4
Pilsweizer Grybów;500;5.7
Pinta / Pays Flamand Król Lata - Roi de l Eté;500;4.5
Pinta A Ja Pale Ale;500;4.5
Pinta Angielskie Śniadanie;500;5.3
Pinta Apetyt Na Życie;500;5.0
Pinta Atak Chmielu;500;6.1
Pinta Bawarka;500;6.1
Pinta Call Me Simon 6.9%;500;6.9
PINTA Ce n’est pas IPA Ambrée;500;6.4
Pinta Ce n’est pas IPA;500;5.3
Pinta Czarna Dziura;500;4.5
Pinta Dobry Wieczór;500;4.5
Pinta Dymy Marcowe;500;5.0
Pinta Dyniamit;500;6.0
PINTA Express IPA;500;6.3
Pinta FarmHouse!;500;5.0
PINTA Grodziskie 4.0;500;2.6
Pinta Havana Stout;500;6.5
Pinta Hop Pokus (dawniej Hopus Pokus);500;6.8
Pinta HopLaaga 15,5°.;500;6.6
Pinta Hopus Jumbo;500;7.9
Pinta IIPPAA;500;8.1
Pinta I`m So Horny;500;6.7
Pinta Imperator Bałtycki;500;9.1
Pinta Imperium Atakuje;500;7.8
PINTA Jak w Dym;500;6.9
Pinta Koniec Świata;500;7.9
Pinta Kwas Beta;500;3.2
Pinta Kwas Epsilon;500;6.0
Pinta Modern Drinking;500;6.5
Pinta Odsiecz Wiedeńska;500;4.9
Pinta Ognie Szczęścia;500;4.2
Pinta Oki Doki;500;4.3
Pinta Oto Mata IPA;500;5.2
Pinta Pierwsza Pomoc;500;4.2
Pinta Quatro;500;8.0
PINTA Raj z rajs;500;7.9
Pinta Sanrajza;500;5.0
PINTA Son of a Birch;500;3.0
Pinta Stare ALE Jare;500;5.0
Pinta Vermont IPA;500;6.1
Pinta Viva la Wita!;500;5.7
Pinta Żytorillo;500;5.3
Piwo Naturalne o smaku czerwonej porzeczki;500;2.5
Piwo Naturalne o smaku kwiatu czarnego bzu;500;2.5
Piwo Słowiańskie Slavic Beer;500;5.8
Piwo z Grodziska;500;3.1
PiwoWarownia Chmielum Polelum;500;8.0
PiwoWarownia Kawko i Mlekosz;500;4.5
Podpiwek Jędrzej;500;0.5
Podróże Kormorana American IPA;500;6.0
Podróże Kormorana Coffee Stout;500;4.8
Podróże Kormorana Rauchbock;500;6.5
Podróże Kormorana Weizenbock;500;6.6
Podróże Kormorana Witbier;500;4.6
Poker Extra Strong;500;7.2
Połczyńskie Chmielowe;500;5.7
Połczyńskie Czarne;500;4.5
Połczyńskie Prawdziwie Miodowe;500;4.7
Połczyńskie Tęgie;500;7.0
Połczyńskie Zdrojowe;500;6.0
Południe Krakowiak Nieklarowny;500;6.0
Porter Łódzki;500;9.5
Pracownia Piwa Dwa Smoki;500;5.8
Pracownia Piwa Hadra;500;5.8
Primátor Double 24°;500;10.5
Primátor English Pale Ale;500;5.0
Primátor India Pale Ale;500;6.5
Primátor Premium Lager 12°;500;5.0
Primátor Stout;500;4.7
Primátor Weizenbier;500;5.0
Raciborski Pils;500;4.5
Raciborskie Ciemne;500;7.0
Raciborskie Klasycznie Warzone Zielone;500;4.5
Raciborskie Klasycznie Warzone;500;5.0
Raciborskie Miodowe;500;5.0
Raciborskie Mocne;500;7.0
Raciborskie Niefiltrowane;500;5.0
Raciborskie Rżnięte;500;4.8
Radeberger Pilsner;500;4.8
Radegast Original;500;4.0
Radegast Ryze Hořká 12°;500;5.1
Raduga African Queen;500;5.0
Raduga Apache;500;5.7
Raduga Apartment;500;6.0
Raduga Circus;500;6.3
Raduga Kings Of The Sun;500;6.5
Raduga Last Summer;500;4.6
Raduga Lift to the Scaffold;500;4.7
Raduga Lost Weekend;500;6.5
Raduga Metropolis;500;5.7
Raduga Nosferatu;500;5.7
Raduga Some Like It Hot;500;5.0
Raduga Sunset Blvd;500;6.5
Raduga Trapeze;500;4.6
Rebel Bohemia Pilsner;500;5.2
Rebel Kolendra;500;4.5
Rebel Lager Dunkel;500;6.0
Rebel Lager Miodowy;500;6.0
Rebel Podwójnie Chmielone;500;5.0
Rebel Pszenica Dubeltowa;500;8.0
Rebel Radler Lychee;500;4.0
Rebel Vienna Lager;500;6.0
ReCraft Mc Farmer (dawny Reden);500;6.0
ReCraft Milkołak (dawny Reden);500;5.0
Redd’s Apple;500;4.5
Redd’s Cranberry;500;4.5
Redd’s Grapefruit Pineapple;500;4.5
Redd’s Gruszka i Chili;500;4.5
Redd’s Red;500;4.5
Redd’s Sun;500;4.5
Revolta Earl Grey AIPA;500;5.8
Robinsons (Iron Maiden) Trooper;500;4.7
Rockmill Juicy Delight;500;6.5
Rockmill Maverick;500;4.7
Roger;500;3.0
Rohozec Skalák Světlý Ležák Premium 12°;500;5.3
Rohozec Skalák Tmavé 13°;500;5.9
Romper Premium Strong;500;6.2
Roztoczańskie Dymione;500;5.2
Ruddles County;500;4.3
Rudy Kot;500;7.0
Rybnicki Full;500;5.2
Rychtář Premium 12°;500;5.0
Rysy Mocne 7.2% Eksportowe;500;7.2
San Miguel Especial;500;5.4
Sapporo Premium Lager;500;4.7
Šariš Premium 12%;500;5.0
Sarmackie Mocne;500;6.5
Schöfferhofer Dunkel Hefeweizen;500;5.0
Schofferhofer Hefeweizen;500;5.0
Schöfferhofer Weizen-Mix Grapefruit;500;2.5
Senojo Vilniaus Nefiltruotas Šviesusis Alus;500;5.0
Senojo Vilniaus Tamsusis Aromatizuotas Alus;500;8.2
Setka Madagaskar;500;4.9
Shepherd Neame Bishops Finger;500;5.4
Shepherd Neame Spitfire;500;4.5
Singha;500;5.0
Smädný Mních 10%;500;4.3
Solipiwko Sweet Nygus;500;4.8
Somersby Apple;500;4.5
Somersby Blackberry;500;4.5
Somersby Elderflower Lime;500;4.5
Somersby Watermelon;500;4.5
Spaten München;500;5.2
Specjal Jasny Pełny;500;6.0
Specjal Mocny;500;6.7
Specjal Niefiltrowany z Rokitnikiem;500;5.0
Specjal Niepasteryzowany;500;5.8
Staropilsen Zlata Praha;500;4.1
Staropolski Alcoholica;500;5.7
Staropolski Anstadt Potrójnie Miodowy Na Miodzie Gryczanym;500;5.5
Staropolski BestBir Piwo Bez Soku Męski Lager;500;6.1
Staropolski BestBir Piwo z Sokiem Kokos;500;4.7
Staropolski Kultowe Jasne;500;5.2
Staropolski Kultowe Pils;500;5.4
Staropolski Pacific Wheat;500;4.8
Staropolski PRL Piwo Jasne Niefiltrowane;500;4.7
Staropolski PRL Piwo Pełne Filtrowane;500;5.8
Staropolskie Chmielne;500;5.5
Staropramen Granát;500;4.8
Staropramen Premium;500;5.0
Staropramen Světlý;500;4.0
Staropramen Unfiltered (Staropramen Nefiltrovaný);500;5.0
Starovar  Raspberry;500;4.5
Starovar Cranberry;500;4.0
Starovar Dark;500;4.5
Starovar Lime;500;4.5
Starovar Premium;500;5.0
Steam Brew German Red;500;7.9
Steam Brew Imperial IPA;500;7.8
Steam Brew Imperial Stout;500;7.5
Stella Artois;500;5.2
Stephans Bräu Hefeweizen;500;5.3
Stern Extra Strong;500;9.2
Stern Strong;500;7.2
Strong Dwusłodowy;500;7.0
Strzelec Jasne Pełne;500;5.2
Super Bock Original;500;5.2
Svijanský Rytíř Bitter 12°;500;5.0
Svijany Svijanský Máz 11°;500;4.8
Švyturys Ekstra Šviesusis Alus;500;5.2
Švyturys White Baltas Hefeweizen;500;5.0
Szałpiw Szczun;500;8.1
Szałpiw Śrup;500;6.0
Śląskie Mocne;500;7.0
Tarczyn Jasne Pełne;500;6.0
Tatra Grzaniec ;500;5.8
Tatra Jasne Pełne;500;6.0
Tatra Mocne 15.1°;500;7.8
Tatra Niepasteryzowane;500;5.0
Tenczynek Aborygen;500;5.9
Tenczynek Lager 2015;500;5.2
Tenczynek Lager 2018;500;5.0
Tenczynek Marcowe 2015;500;5.4
Tenczynek Milk Stout;500;4.6
Tenczynek Pils;500;5.4
Tenczynek Pszeniczne ;500;4.8
Tennent’s Aged With Whisky Oak;500;6.0
Tequiler;500;6.0
Tesco Value Beer;500;4.0
Tiger Beer;500;5.0
Trixx Malina;500;4.5
Trybunalskie Miodowe;500;6.0
Trybunał Export;500;5.0
Trybunał Miodowe;500;5.5
Trybunał Niefiltrowany Pils;500;5.0
Trybunał Pils;500;6.0
Trybunał Trójsłodowe;500;6.0
Trzech Kumpli Blackcyl;500;6.9
Trzech Kumpli Califia;500;6.9
Trzech Kumpli Misty;500;5.5
Trzech Kumpli Pan IPAni;500;5.9
Trzy Góry Original;500;4.9
Trzy Korony Jasne;500;5.0
Tsingtao;500;4.7
Tuborg Grøn (Tuborg Green);500;4.6
Twierdzowe;500;4.5
Tyskie Gronie 14-dniowe;500;5.5
Tyskie Gronie;500;5.5
Tyskie Klasyczne;500;5.0
Tyskie Niepasteryzowane Chmielone Na Zimno;500;5.0
Tyskie Radler;500;2.0
Tyskie;500;5.6
Utenos Lager Beer;500;5.0
Vaclav Pilsener;500;5.0
Van Pur Halne Mocne 7,0%;500;7.0
Van Pur Premium 5.0%;500;5.0
Van Pur Super Mocne;500;10.0
Veltins Pilsener;500;4.8
V.I.P. Original Mocne;500;7.2
Vysoký Chlumec Démon 13°;500;5.2
Warka Classic;500;5.5
Warka Jasne Pełne;500;5.7
Warka Radler 0,0% Ciemne Cytrynowe ;500;0.0
Warka Radler 0.0%;500;0.0
Warka Radler Czarna Porzeczka z Limonką;500;2.0
Warka Radler Jabłko z Gruszką;500;2.0
Warka Radler Jabłko;500;2.0
Warka Radler;500;2.0
Warka Strong;500;6.5
Warsteiner Pilsener (Warsteiner Premium Beer);500;4.8
Waszczukowe Janusz Moczywąs;500;4.8
Wąsosz 12°;500;5.2
Wąsosz 9° ;500;4.1
Wąsosz Albert;500;4.9
Wąsosz Polka Pils;500;4.1
Wąsosz Sean;500;5.0
Wąsosz Terrence;500;6.0
Wells & Youngs Banana Bread Beer;500;5.2
Wells & Youngs Double Chocolate Stout;500;5.2
Wetliner Bukowe Berdo;500;7.5
Wetliner Czarna;500;5.5
Wetliner Mgły Sanu;500;5.0
Wetliner Solina;500;5.5
Wexford Irish Cream Ale;500;5.0
Wojak Jasny Pełny 5%;500;5.0
Wojak Jasny Pełny 6%;500;6.0
Wojak Super Mocny;500;9.0
Wrężel American India Pale Ale;500;6.8
Wrężel Miś Wojtek Red Ale;500;5.4
Wrężel Miś Wojtek Summer Ale;500;4.7
Wrężel Paradise Pale Ale;500;5.6
Wrężel Tropical Imperial India Pale Ale;500;8.5
Wrężel Tropical Little;500;5.8
Wrężel Vermont American IPA;500;5.8
Wrężel Wheat India Pale Ale (WIPA);500;6.3
Wrocławskie ;500;4.2
Wychwood Hobgoblin;500;5.2
Zacne Ciemne;500;6.0
Zacne Jasne;500;6.0
Zacne Miodowe;500;5.8
Zacne Mocne;500;7.0
Zacne Wiśniowe;500;5.8
Zagłoba Okocimski Jasne Pełne;500;5.5
Zagorka Special;500;5.0
Žatecký Gus Světlý;500;4.6
Žatecký Světlý Ležák;500;5.0
Zawiercie Bursztynowe;500;5.6
Zipfer Pils Exclusiv (Zipfer Heller);500;5.2
Zlaty Bažant ’73;500;4.5
Zlatý Bažant Ležiák 12%;500;5.0
Zlatý Bažant Tmavé;500;3.8
Zlatý Pilsner;500;4.4
Zwierzyniec Dzikie Ale;500;4.0
Zwierzyniec Pils;500;6.0
Żubr Ciemnozłoty;500;6.5
Żubr;500;6.0
Żywiec 0,0%;500;0.0
Żywiec Amerykańskie Pszeniczne;500;4.9
Żywiec APA;500;5.4
Żywiec Bezalkoholowe;500;0.5
Żywiec Białe;500;4.9
Żywiec Bock 2014;500;6.5
Żywiec Bock;500;6.5
Żywiec Jasne Pełne;500;5.6
Żywiec Marcowe;500;5.4
Żywiec Niskoalkoholowe;500;1.1
Żywiec Porter;500;9.5
Żywiec Saison;500;6.5
Żywiec Sesyjne IPA;500;5.0
Żywiec Szampańskie;500;4.5
